,p_c,p_m,pop_size,Error
0,0.8,0.05,40.0,400521.06309770903
1,0.75,0.04,40.0,403809.7956028214
2,0.85,0.04,40.0,444088.08221432485
3,0.9,0.05,50.0,482159.92135668924
4,0.9,0.05,50.0,491232.5278060628
5,0.85,0.02,50.0,681343.6195166871
6,0.75,0.05,30.0,1120975.449347619
7,0.95,0.03,50.0,1597367.7114203987
8,0.75,0.05,20.0,1637357.8707538026
9,0.9,0.03,50.0,341612.26272692083
