,p_c,p_m,pop_size,Error
0,0.9,0.03,40.0,376878.6138062776
1,0.75,0.03,50.0,376471.2821624644
2,0.75,0.03,30.0,423167.5374239324
3,0.8,0.03,40.0,443221.01527170243
4,0.75,0.05,40.0,437887.0492500979
5,0.75,0.05,50.0,630800.4668177385
6,0.85,0.02,30.0,1069586.0434336863
7,0.75,0.04,50.0,1518882.316350199
8,0.9,0.03,40.0,1563606.8136049411
9,0.95,0.03,40.0,319011.62203676085
