,p_c,p_m,pop_size,Error
0,0.95,0.04,50.0,399974.52072571975
1,0.95,0.05,30.0,403693.86824043415
2,0.8,0.04,30.0,447485.00358355173
3,0.85,0.03,40.0,486088.2985108422
4,0.85,0.02,40.0,491664.2419196721
5,0.75,0.04,40.0,677468.0260449485
6,0.95,0.03,20.0,1123654.842774284
7,0.8,0.04,10.0,1605444.9461492877
8,0.85,0.03,50.0,1647966.607966641
9,0.8,0.03,30.0,344049.3008701214
