,p_c,p_m,pop_size,Error
0,0.85,0.01,30.0,57.8731423487277
1,0.85,0.02,30.0,56.880104378331076
2,0.85,0.03,30.0,60.203769146934114
