,p_c,p_m,pop_size,Error
0,0.8,0.01,30,58.666081835843514
1,0.8,0.01,40,57.27136585987955
2,0.8,0.01,50,59.49418441387029
