,p_c,p_m,pop_size,Error
0,0.8,0.02,40.0,59.590073815701054
1,0.85,0.02,40.0,57.00384106048139
2,0.9,0.02,40.0,57.569064635999524
