,p_c,p_m,pop_size,Error
0,0.8,0.02,30.0,57.77264487010992
1,0.85,0.02,30.0,56.99269970109586
2,0.9,0.02,30.0,57.133877669598924
