,p_c,p_m,pop_size,Error
0,0.8,0.01,40.0,58.334295681549904
1,0.8,0.02,40.0,56.34634296495215
2,0.8,0.03,40.0,57.8162322224846
