,p_c,p_m,pop_size,Error
0,0.8,0.01,40.0,57.023362035816305
1,0.85,0.01,40.0,60.1040879050994
2,0.9,0.01,40.0,57.072426520354966
