,p_c,p_m,pop_size,Error
0,0.8,0.02,40.0,56.70534112626642
1,0.85,0.02,40.0,57.8835799822795
2,0.9,0.02,40.0,59.08702864851327
