,p_c,p_m,pop_size,Error
0,0.8,0.01,40.0,60.08527034444977
1,0.8,0.02,40.0,59.03182490430209
2,0.8,0.03,40.0,57.50794897970192
