,p_c,p_m,pop_size,Error
0,0.9,0.01,30,58.15774372289924
1,0.9,0.01,40,57.999171531909155
2,0.9,0.01,50,58.61104918052432
