,p_c,p_m,pop_size,Error
0,0.85,0.01,40.0,58.846900839290385
1,0.85,0.02,40.0,57.211540550543695
2,0.85,0.03,40.0,58.940241050997244
