,p_c,p_m,pop_size,Error
0,0.9,0.02,30,57.544858635755304
1,0.9,0.02,40,57.03723056530227
2,0.9,0.02,50,57.058513516047
