,p_c,p_m,pop_size,Error
0,0.85,0.02,30,57.07162121084519
1,0.85,0.02,40,58.182899464340174
2,0.85,0.02,50,58.43484674035959
