,p_c,p_m,pop_size,Error
0,0.85,0.03,30,58.42801941587651
1,0.85,0.03,40,57.86481208866258
2,0.85,0.03,50,57.14183759388899
